"1983";"1";"Raúl Alfredo Gonzalez";"Unión Cívica Radical"
"1983";"2";"Raúl Roberto Vaccarezza";"Unión Cívica Radical"
"1983";"3";"Félix Flores";"Justicialista"
"1983";"4";"Luis Raúl Sagol";"Unión Cívica Radical"
"1983";"5";"Castor Joaquín Echeverria";"Unión Cívica Radical"
"1983";"6";"Rubén César De Paula";"Unión Cívica Radical"
"1983";"7";"Juan Carlos Cabiron";"Unión Cívica Radical"
"1983";"8";"Rafael Juan Galindo";"Unión Cívica Radical"
"1983";"9";"Eduardo Eugenio Rabellino";"Unión Cívica Radical"
"1983";"202";"Ramón Lorenzo";"Unión Cívica Radical"
"1983";"11";"Arturo Héctor Ramon";"Justicialista"
"1983";"12";"Carlos Alberto Nazar";"Justicialista"
"1983";"13";"Eulogio Alfredo Carretero";"Unión Cívica Radical"
"1983";"14";"Ricardo Vicente Ienco";"Justicialista"
"1983";"15";"Ignacio Luis Muniategui";"Unión Cívica Radical"
"1983";"16";"Calixto Bartolomé Dellepiane";"Unión Cívica Radical"
"1983";"17";"Jorge Claudio Dominguez";"Unión Cívica Radical"
"1983";"18";"Horacio Enrique Tapia";"Justicialista"
"1983";"19";"Héctor Miro";"Unión Cívica Radical"
"1983";"20";"Carlos Rivas";"Unión Cívica Radical"
"1983";"21";"Rafael Joaquín Barneda";"Unión Cívica Radical"
"1983";"23";"Miguel José Martinez";"Unión Cívica Radical"
"1983";"29";"Osvaldo Rodrigo";"Unión Cívica Radical"
"1983";"30";"Juan Carlos Gaston";"Unión Cívica Radical"
"1983";"31";"Carlos Francisco Dellepiane";"Justicialista"
"1983";"24";"Rubén Oscar Diaz";"Unión Cívica Radical"
"1983";"25";"José Francisco Nomedeu";"Unión Cívica Radical"
"1983";"26";"Julio César Lozano";"Unión Cívica Radical"
"1983";"27";"Gustavo Eduardo Montero";"Unión Cívica Radical"
"1983";"28";"Domingo Nicolás Moccero";"Intransigente"
"1983";"32";"Adolfo Fernando Carrique";"Unión Cívica Radical"
"1983";"33";"Duilio Armando Macci";"Unión Cívica Radical"
"1983";"34";"José Del Carmen Ginevri";"Justicialista"
"1983";"35";"Oscar Roque Larghi";"Unión Cívica Radical"
"1983";"36";"Juan Miguel Tosoni";"Unión Cívica Radical"
"1983";"37";"Adalberto Cándido Aner";"Unión Cívica Radical"
"1983";"38";"Julio Alberto Carpinetti";"Justicialista"
"1983";"39";"Enrique Marcelo Honores";"Unión Cívica Radical"
"1983";"40";"Luis Alejandro Celillo";"Unión Cívica Radical"
"1983";"41";"Santiago Lázaro Rastelli";"Unión Cívica Radical"
"1983";"42";"Tomás Alberto Ciocca";"Unión Cívica Radical"
"1983";"43";"Domingo Humberto Malagamba";"Unión Cívica Radical"
"1983";"44";"Omar Bernardo Mariezcurrena";"Unión Cívica Radical"
"1983";"45";"Publio Tomás Trotti";"Frente Comunal Conservador de General Las Heras"
"1983";"46";"Eladio Delfor Zuetta";"Unión Cívica Radical"
"1983";"47";"Miguel Goldaracena";"Unión Cívica Radical"
"1983";"48";"Juan Carlos Veramendi";"Justicialista"
"1983";"49";"Ambrosio Alberto Gioja";"Unión Cívica Radical"
"1983";"50";"Angel Roig";"Unión Cívica Radical"
"1983";"51";"Juan Lumbreras";"Unión Cívica Radical"
"1983";"52";"Roberto Domingo Debrasi";"Unión Cívica Radical"
"1983";"201";"José Remigio Lopez";"Justicialista"
"1983";"54";"Elio Armando Torregiani";"Unión Cívica Radical"
"1983";"55";"Alberto Miguel Ballari";"Unión Cívica Radical"
"1983";"56";"José Luis Visani";"Justicialista"
"1983";"57";"Miguel Angel Garcia Merida";"Justicialista"
"1983";"58";"Osvaldo Martín Arpigiani";"Justicialista"
"1983";"59";"Aldo Abel Mosse";"Intransigente"
"1983";"60";"Abel Paulino Miguel";"Unión Cívica Radical"
"1983";"119";"Juan De Jesus";"Justicialista"
"1983";"61";"Federico Pedro Russo";"Justicialista"
"1983";"63";"Juan Carlos Alberti";"Unión Cívica Radical"
"1983";"62";"Manuel Quindimil";"Justicialista"
"1983";"64";"Alfredo Gabriel Irigoin";"Unión Cívica Radical"
"1983";"65";"José Antonio Polito";"Unión Cívica Radical"
"1983";"66";"Adolfo Val";"Unión Cívica Radical"
"1983";"67";"Enrique Justo Minarvino";"Intransigente"
"1983";"68";"Juan José Fioramonti";"Unión Cívica Radical"
"1983";"69";"José Roberto Piccone";"Unión Cívica Radical"
"1983";"70";"Eduardo Alberto Duhalde";"Justicialista"
"1983";"71";"Rubén Darío Rampazzi";"Unión Cívica Radical"
"1983";"72";"José Luis Nicora";"Unión Cívica Radical"
"1983";"73";"Horacio Miguel Morete";"Unión Cívica Radical"
"1983";"74";"Horacio Luis Marceloni";"Unión Cívica Radical"
"1983";"75";"Emiliano Florencio Rodriguez";"Unión Cívica Radical"
"1983";"76";"Julio César Gioscio";"Justicialista"
"1983";"77";"Leopoldo Horacio Suarez";"Justicialista"
"1983";"78";"Raúl Carlos Iribarne";"Unión Cívica Radical"
"1983";"120";"Rodolfo Majluf";"Justicialista"
"1983";"79";"Héctor Francisco Ibañez";"Justicialista"
"1983";"80";"Norberto Rodolfo Garcia Silva";"Unión Cívica Radical"
"1983";"81";"Alberto Yaregui";"Unión Cívica Radical"
"1983";"82";"Domingo José Taraborelli";"Justicialista"
"1983";"83";"Abel Alejandro De La Plaza";"Unión Cívica Radical"
"1983";"84";"Helios Eseverri";"Unión Cívica Radical"
"1983";"22";"Néstor Virgilio Ezcurra";"Unión Cívica Radical"
"1983";"85";"Julio Rodriguez";"Justicialista"
"1983";"86";"Mario Luis Espada";"Unión Cívica Radical"
"1983";"87";"Jorge Eduardo Young";"Unión Cívica Radical"
"1983";"88";"Héctor Julio Etchemendy";"Unión Cívica Radical"
"1983";"89";"Luis David Celestino Lagomarsino";"Justicialista"
"1983";"90";"Juan Pedro Actis Caporale";"Unión Cívica Radical"
"1983";"91";"Hugo Gutierrez";"Unión Cívica Radical"
"1983";"92";"Eduardo Julio Vides";"Unión Cívica Radical"
"1983";"93";"Rafael Edgardo Roma";"Justicialista"
"1983";"94";"Hernán Saúl Esponda";"Unión Cívica Radical"
"1983";"95";"José Julio Garcia";"Justicialista"
"1983";"96";"Marcelo Patricio Gear";"Unión Cívica Radical"
"1983";"97";"Federico E Bolla";"Unión Cívica Radical"
"1983";"98";"Rolando Ernesto Maurel";"Unión Cívica Radical"
"1983";"99";"Francisco José Ferro";"Unión Cívica Radical"
"1983";"100";"Osvaldo Balbin";"Unión Cívica Radical"
"1983";"101";"Héctor Gustavo Menendez";"Unión Cívica Radical"
"1983";"102";"Julio César Rossi";"Unión Cívica Radical"
"1983";"103";"Teodoro Gerómino Dominguez";"Unión Cívica Radical"
"1983";"104";"Juan Carlos Marlats";"Unión Cívica Radical"
"1983";"105";"Alfredo Ramón Viviant";"Justicialista"
"1983";"106";"Melchor Angel Posse";"Unión Cívica Radical"
"1983";"107";"José María Diaz Bancalari";"Justicialista"
"1983";"108";"Guillermo Rubén Farabollini";"Unión Cívica Radical"
"1983";"109";"Carlos Alberto Mereles";"Justicialista"
"1983";"110";"Miguel Kevin Geoghegan";"Unión Cívica Radical"
"1983";"111";"Américo Alberto Reinoso";"Unión Cívica Radical"
"1983";"112";"Néstor José Vasquez";"Unión Cívica Radical"
"1983";"113";"Oscar Egidio Giordano";"Unión Cívica Radical"
"1983";"116";"Juan Ismael Ferrari";"Unión Cívica Radical"
"1983";"114";"Néstor Edgardo Catani";"Unión Cívica Radical"
"1983";"115";"Horacio Antonio Arrastua";"Unión Cívica Radical"
"1983";"117";"Jorge Roberto Foulkes";"Unión Cívica Radical"
"1983";"118";"Héctor Roberto Dattoli";"Unión Cívica Radical"
"1983";"121";"Oscar Enrique Estevez";"Unión Cívica Radical"
"1983";"122";"Jorge Alberto Sabbatini";"Unión Cívica Radical"
"1983";"123";"Héctor Esteban Allo";"Unión Cívica Radical"
"1983";"124";"Arnoldo Primero Aparicio";"Unión Cívica Radical"
"1983";"125";"Aldo Luis Arrighi";"Alianza Demócrata Socialista"
"1987";"1";"Guillermo Narbaitz";"Unión Cívica Radical"
"1987";"2";"Raúl Roberto Vaccarezza";"Unión Cívica Radical"
"1987";"3";"Jorge Antonio Villaverde";"Frente Justicialista Renovador"
"1987";"4";"Luis Raul Sagol";"Unión Cívica Radical"
"1987";"5";"Luis Alfredo Ilarregui";"Frente Justicialista Renovador"
"1987";"6";"Rubén César De Paula";"Unión Cívica Radical"
"1987";"7";"Juan Carlos Cabiron";"Unión Cívica Radical"
"1987";"8";"Victor Hector Baez";"Frente Justicialista Renovador"
"1987";"9";"Mario Pedro Valenti";"Unión Cívica Radical"
"1987";"202";"Casimiro René Papini";"Unión Cívica Radical"
"1987";"11";"Juan José Mussi";"Frente Justicialista Renovador"
"1987";"12";"Juan Enrique Nadeff";"Frente Justicialista Renovador"
"1987";"13";"Julio César Ruiz";"Unión Cívica Radical"
"1987";"14";"Ricardo Vicente Ienco";"Frente Justicialista Renovador"
"1987";"15";"Carlos José Castro";"Frente Justicialista Renovador"
"1987";"16";"Calixto Bartolomé Dellepiane";"Unión Cívica Radical"
"1987";"17";"Jorge Claudio Dominguez";"Unión Cívica Radical"
"1987";"18";"Oscar Alberto Olives";"Unión Cívica Radical"
"1987";"19";"Pascual Angel Rampi";"Frente Justicialista Renovador"
"1987";"20";"Fernando José Maria Martinez";"Unión Cívica Radical"
"1987";"21";"Santiago Luis Pigantaro";"Frente Justicialista Renovador"
"1987";"23";"Moisés Eduardo Fontela";"Frente Justicialista Renovador"
"1987";"29";"Mario Oscar Lalla";"Unión Cívica Radical"
"1987";"30";"Carlos César Garbizu";"Unión Cívica Radical"
"1987";"31";"Jorge Adalberto Juan Corena";"Frente Justicialista Renovador"
"1987";"24";"Gerardo Alfredo Morales";"Unión Cívica Radical"
"1987";"25";"Osvaldo Aníbal Crego";"Unión Cívica Radical"
"1987";"26";"Héctor Oscar Scavuzzo";"Frente Justicialista Renovador"
"1987";"27";"Néstor Alberto Giorno";"Frente Justicialista Renovador"
"1987";"28";"Domingo Nicolás Moccero";"Partido Intransigente:"
"1987";"32";"Jorge Omar Carle";"Unión Cívica Radical"
"1987";"33";"Juan Carlos Valente";"Unión Cívica Radical"
"1987";"34";"Cirilo Nelso Caraballo";"Frente Justicialista Renovador"
"1987";"35";"Fernando Argentino Valle";"Frente Justicialista Renovador"
"1987";"36";"Luis Manuel Obarrio";"Frente Justicialista Renovador"
"1987";"37";"Adalberto Cándido Aner";"Unión Cívica Radical"
"1987";"38";"Julio Alberto Carpinetti";"Frente Justicialista Renovador"
"1987";"39";"Enrique Marcelo Honores";"Unión Cívica Radical"
"1987";"40";"Aldo Rubén Sivero";"Frente Justicialista Renovador"
"1987";"41";"Carlos Santiago Boo";"Frente Justicialista Renovador"
"1987";"42";"Ricardo Julio Callegari";"Frente Justicialista Renovador"
"1987";"43";"Néstor Aníbal Galarraga";"Unión Cívica Radical"
"1987";"44";"Orlando César Arroquy";"Unión Cívica Radical"
"1987";"45";"Juan Carlos Calo";"Frente Justicialista Renovador"
"1987";"46";"Eladio Delfor Zuetta";"Unión Cívica Radical"
"1987";"47";"Luis Emilio Romano";"Unión Cívica Radical"
"1987";"48";"Juan Carlos Veramendi";"Frente Justicialista Renovador"
"1987";"49";"Luis Alberto Bruni";"Unión Cívica Radical"
"1987";"50";"Angel Roig";"Unión Cívica Radical"
"1987";"51";"Norberto Alfredo Landi";"Frente Justicialista Renovador"
"1987";"52";"Carlos Ramón Brown";"Frente Justicialista Renovador"
"1987";"201";"Eduardo Alberto Lopez";"Frente Justicialista Renovador"
"1987";"54";"Carmelo Antonio Cotroneo";"Frente Justicialista Renovador"
"1987";"55";"Alberto Miguel Ballari";"Unión Cívica Radical"
"1987";"56";"Aldo Osmar Pose";"Unión Vecinal del Partido de Gonzales Chaves"
"1987";"57";"Miguel Angel Garcia Merida";"Frente Justicialista Renovador"
"1987";"58";"Osvaldo Martín Arpigiani";"Frente Justicialista Renovador"
"1987";"59";"Juan Carlos Mortati";"Frente Justicialista Renovador"
"1987";"60";"Abel Paulino Miguel";"Unión Cívica Radical"
"1987";"119";"Juan De Jesus";"Frente Justicialista Renovador"
"1987";"61";"Federico Pedro Russo";"Frente Justicialista Renovador"
"1987";"63";"Pablo Oscar Pinto";"Unión Cívica Radical"
"1987";"62";"Manuel Quindimil";"Frente Justicialista Renovador"
"1987";"64";"Alfredo Gabriel Irigoin";"Unión Cívica Radical"
"1987";"65";"Antonio Ubaldo Lizarraga";"Unión Cívica Radical"
"1987";"66";"Emir Aldo Deguer";"Unión Cívica Radical"
"1987";"67";"Carlos Alberto Petroni";"Intransigente"
"1987";"68";"Juan José Fioramonti";"Unión Cívica Radical"
"1987";"69";"Humberto Hugo Maglione";"Unión Cívica Radical"
"1987";"70";"Hugo David Toledo";"Frente Justicialista Renovador"
"1987";"71";"Miguel Angel Prince";"Frente Justicialista Renovador"
"1987";"72";"Luis A. Colabianchi";"Frente Justicialista Renovador"
"1987";"73";"Horacio Miguel Morete";"Unión Cívica Radical"
"1987";"74";"Horacio Luis Marceloni";"Unión Cívica Radical"
"1987";"75";"Enrique Jaime Salzamann";"Frente Justicialista Renovador"
"1987";"76";"Julio César Gioscio";"Frente Justicialista Renovador"
"1987";"77";"Gustavo Adolfo Green";"Frente Justicialista Renovador"
"1987";"78";"Alberto Felipe Arbizu";"Unión Cívica Radical"
"1987";"120";"Alberto José Abraham";"Frente Justicialista Renovador"
"1987";"79";"Ernesto Francisco Lombardi";"Frente Justicialista Renovador"
"1987";"80";"Juan Carlos Russelot";"Frente Justicialista Renovador"
"1987";"81";"Alfredo Castellari";"Unión Cívica Radical"
"1987";"82";"Domingo José Taraborelli";"Frente Justicialista Renovador"
"1987";"83";"Rodolfo Menendez";"Unión Cívica Radical"
"1987";"84";"Juan Manuel Garcia";"Frente Justicialista Renovador"
"1987";"22";"Carlos Nelson Arburua";"Unión Cívica Radical"
"1987";"85";"Julio Rodriguez";"Frente Justicialista Renovador"
"1987";"86";"Jorge Oscar Scoccia";"Frente Justicialista Renovador"
"1987";"87";"Alcides Fidel Sequeiro";"Frente Justicialista Renovador"
"1987";"88";"Néstor Silvio Chesini";"Unión Cívica Radical"
"1987";"89";"Luis David C. Lagomarsino";"Frente Justicialista Renovador"
"1987";"90";"Francisco Pascual Scoganamillo";"Unión Cívica Radical"
"1987";"91";"Hugo Ernesto Gutierrez";"Unión Cívica Radical"
"1987";"92";"Eduardo Oscar Camaño";"Frente Justicialista Renovador"
"1987";"93";"Alejandro Pedro Ballester";"Frente Justicialista Renovador"
"1987";"94";"Nicolás Alberto Sica";"Unión Cívica Radical"
"1987";"95";"Héctor Luis Trucco";"Frente Justicialista Renovador"
"1987";"96";"Marcelo Patricio Gear";"Unión Cívica Radical"
"1987";"97";"Jorge Luis Cravero";"Unión Cívica Radical"
"1987";"98";"Luis Roberto Ripani";"Frente Justicialista Renovador"
"1987";"99";"Francisco José Ferro";"Unión Cívica Radical"
"1987";"100";"Adalberto Edgardo Bleser";"Frente Justicialista Renovador"
"1987";"101";"Victorio Carlos Migliaro";"Frente Justicialista Renovador"
"1987";"102";"Aldo Hugo Nascimbene";"Unión Cívica Radical"
"1987";"103";"Teodoro Gerónimo Dominguez";"Unión Cívica Radical"
"1987";"104";"Tomás Arnaldo Visciarelli";"Frente Justicialista Renovador"
"1987";"105";"Alfredo Ramón Viviant";"Frente Justicialista Renovador"
"1987";"106";"Melchor Angel Posse";"Unión Cívica Radical"
"1987";"107";"Eduardo Luis Dirocco";"Frente Justicialista Renovador"
"1987";"108";"Juan José Sanchez";"Unión Cívica Radical"
"1987";"109";"Carlos Alberto Mereles";"Frente Justicialista Renovador"
"1987";"110";"Miguel Kevin Geoghegan";"Unión Cívica Radical"
"1987";"111";"Nicolás José E. Pizzorno";"Frente Justicialista Renovador"
"1987";"112";"Heriberto Miguel Tavella";"Unión Cívica Radical"
"1987";"113";"Ricardo José Ubieto";"Acción Comunal del Partido de Tigre"
"1987";"116";"Juan Ismael Ferrari";"Unión Cívica Radical"
"1987";"114";"Maria Luisa Kugier";"Unión Cívica Radical"
"1987";"115";"Jorge Alberto Barrachia";"Unión Cívica Radical"
"1987";"117";"Raúl Correa";"Frente Justicialista Renovador"
"1987";"118";"Jorge Norberto Mangas";"Frente Justicialista Renovador"
"1987";"126";"Miguel Angel Sei";"Frente Justicialista Renovador"
"1987";"121";"Pedro Perez Irigoyen";"Unión Cívica Radical"
"1987";"122";"Enrique Garcia";"Unión Cívica Radical"
"1987";"123";"José Luis Fernandez Heredia";"Unión Cívica Radical"
"1987";"124";"Amadeo Augusto Stefanelli";"Frente Justicialista Renovador"
"1987";"125";"Aldo Luis Arrighi";"Unidad Socialista"
"1991";"1";"Guillermo Narbaitz";"Unión Cívica Radical"
"1991";"2";"Rubén Oscar Gamba";"Unión Cívica Radical"
"1991";"3";"Jorge Antonio Villaverde";"Frente Justicialista Federal"
"1991";"4";"Baldomero Alvarez De Olivera";"Frente Justicialista Federal"
"1991";"5";"Luis Alfredo Ilarregui";"Frente Justicialista Federal"
"1991";"6";"Rubén Oscar De Paula";"Unión Cívica Radical"
"1991";"7";"Jaime Linares";"Unión Cívica Radical"
"1991";"8";"José Luis Perez";"Frente Justicialista Federal"
"1991";"9";"Pedro Alberto Carossi";"Frente Justicialista Federal"
"1991";"202";"Daniel Néstor Bolinaga";"Frente Justicialista Federal"
"1991";"11";"Juan José Mussi";"Frente Justicialista Federal"
"1991";"12";"Eugenio Bladimiro Juzwa";"Frente Justicialista Federal"
"1991";"13";"Juan Carlos Reina";"Frente Justicialista Federal"
"1991";"14";"Ernesto Juan Figueras";"Unión Cívica Radical"
"1991";"15";"José María Garcia Lopez";"Frente Justicialista Federal"
"1991";"16";"Calixto Bartolomé Dellepiane";"Unión Cívica Radical"
"1991";"17";"Ezequiel Juan Rizzi";"Unión Cívica Radical"
"1991";"18";"Horacio Enrique Tapia";"Frente Justicialista Federal"
"1991";"19";"Pascual Angel Rampi";"Frente Justicialista Federal"
"1991";"20";"Carlos Rivas";"Unión Cívica Radical"
"1991";"21";"Santiago Luis Pignataro";"Frente Justicialista Federal"
"1991";"23";"Ricardo Riva";"Unión Cívica Radical"
"1991";"29";"Héctor Manuel Francolino";"Frente Justicialista Federal"
"1991";"30";"Juan Carlos Salas";"Unión Cívica Radical"
"1991";"31";"Jorge Adalberto Juan Corena";"Frente Justicialista Federal"
"1991";"24";"Oscar Alberto Centanni";"Unión Cívica Radical"
"1991";"25";"Pedro Juan Testani";"Frente Justicialista Federal"
"1991";"26";"Juan Carlos Amores";"Frente Justicialista Federal"
"1991";"27";"Néstor Alberto Giorno";"Frente Justicialista Federal"
"1991";"28";"Ricardo Oscar Wagner";"Frente Justicialista Federal"
"1991";"32";"Jorge Francisco Munarriz";"Unión Cívica Radical"
"1991";"33";"Alfredo César Meckievi";"Frente Justicialista Federal"
"1991";"34";"Adalberto Del Negro";"Frente Justicialista Federal"
"1991";"35";"Fernando Argentino Valle";"Frente Justicialista Federal"
"1991";"36";"Luis Manuel Obarrio";"Frente Justicialista Federal"
"1991";"37";"Ricardo Angel Bozzani";"Defensa Comunal de Exaltación de la Cruz"
"1991";"38";"Julio Alberto Carpinetti";"Frente Justicialista Federal"
"1991";"127";"Patricio Antonio Garcia";"Frente Justicialista Federal"
"1991";"39";"Carlos Andrés Molina";"Frente Justicialista Federal"
"1991";"40";"Aldo Rubén Sivero";"Frente Justicialista Federal"
"1991";"41";"José Oscar Salvia";"Frente Justicialista Federal"
"1991";"42";"Ricardo Julio Callegari";"Frente Justicialista Federal"
"1991";"43";"Aníbal Eugenio Loubet";"Unión Cívica Radical"
"1991";"44";"Juan Carlos Pellita";"Frente Justicialista Federal"
"1991";"45";"Juan Carlos Calo";"Frente Justicialista Federal"
"1991";"46";"Gustavo Enrique Dubsky";"Unión Cívica Radical"
"1991";"47";"Luis Emilio Romano";"Unión Cívica Radical"
"1991";"48";"César Augusto Uribarri";"Frente Justicialista Federal"
"1991";"49";"Luis Alberto Bruni";"Unión Cívica Radical"
"1991";"50";"Mario Roberto Russak";"Union del Centro Democratico"
"1991";"51";"Oscar Jorge Di Landro";"Frente Justicialista Federal"
"1991";"52";"Antonio César Libonati";"Frente Justicialista Federal"
"1991";"201";"Luis Alfredo Ortega";"Frente Justicialista Federal"
"1991";"54";"Elio Arnaldo Torregiani";"Unión Cívica Radical"
"1991";"55";"Alberto Miguel Ballari";"Unión Cívica Radical"
"1991";"56";"Elba Neli Alvarez";"Unión Cívica Radical"
"1991";"57";"Miguel Angel Garcia Merida";"Frente Justicialista Federal"
"1991";"58";"Osvaldo Martín Arpigiani";"Frente Justicialista Federal"
"1991";"59";"Santana Estanislao Zabalza";"Frente por la Justicia Social"
"1991";"60";"Abel Paulino Miguel";"Unión Cívica Radical"
"1991";"119";"Juan De Jesus";"Frente Justicialista Federal"
"1991";"61";"Héctor Carlos Cozzi";"Frente Justicialista Federal"
"1991";"63";"Julio Alak";"Frente Justicialista Federal"
"1991";"62";"Manuel Quindimil";"Frente Justicialista Federal"
"1991";"64";"Alfredo Gabriel Irigoin";"Unión Cívica Radical"
"1991";"65";"Antonio Ubaldo Lizarraga";"Unión Cívica Radical"
"1991";"66";"Emir Aldo Deguer";"Unión Cívica Radical"
"1991";"67";"Eduardo Donato Mango";"Unión Cívica Radical"
"1991";"68";"Juan José Fioramonti";"Unión Cívica Radical"
"1991";"69";"Manuel María Manin";"Frente Justicialista Federal"
"1991";"70";"Juan Bruno Tavano";"Frente Justicialista Federal"
"1991";"71";"Silverio Pedro Sallaberry";"Unión Vecinal de Luján"
"1991";"72";"Hilmar Walmar Wallace";"Unión Cívica Radical"
"1991";"73";"Raúl José Bozzano";"Frente Justicialista Federal"
"1991";"74";"Juan Carlos Pruzsiani";"Unión Cívica Radical"
"1991";"75";"Enrique Jaime Salzmann";"Frente Justicialista Federal"
"1991";"76";"Julio César Gioscio";"Frente Justicialista Federal"
"1991";"77";"Raúl Alfredo Othacehe";"Frente Justicialista Federal"
"1991";"78";"Raúl Carlos Iribarne";"Unión Cívica Radical"
"1991";"120";"Alberto José Abraham";"Frente Justicialista Federal"
"1991";"79";"Julio Antonio Asseff";"Union Vecinos de Moreno"
"1991";"80";"Juan Carlos Rousselot";"Frente Justicialista Federal"
"1991";"81";"Santiago Aníbal Maggiotti";"Frente Justicialista Federal"
"1991";"82";"José Antonio Aloisi";"Frente Justicialista Federal"
"1991";"83";"Jesús Abel Blanco";"Frente Justicialista Federal"
"1991";"84";"Helios Eseverri";"Unión Cívica Radical"
"1991";"22";"Haroldo Amado Lebed";"Frente Justicialista Federal"
"1991";"85";"Julio Rodriguez";"Frente Justicialista Federal"
"1991";"86";"Emir Lopez";"Frente Justicialista Federal"
"1991";"87";"Alcides Fidel Sequeiro";"Frente Justicialista Federal"
"1991";"88";"Néstor Silvio Chesini";"Unión Cívica Radical"
"1991";"89";"Jorge Telmo Perez";"Frente Justicialista Federal"
"1991";"90";"Blas Antonio Altieri";"Movimiento Unión del Partido de Pinamar"
"1991";"91";"Carlos Eugenio Astorga";"Frente Justicialista Federal"
"1991";"92";"Aníbal Domingo Fernandez";"Frente Justicialista Federal"
"1991";"93";"Alejandro Pedro Ballester";"Frente Justicialista Federal"
"1991";"94";"Nicolás Alberto Sica";"Unión Cívica Radical"
"1991";"95";"Armando Julio Real";"Frente Justicialista Federal"
"1991";"96";"Mario Gustavo Vignali";"Unión Cívica Radical"
"1991";"97";"Jorge Jesús Cravero";"Unión Cívica Radical"
"1991";"98";"Luis Roberto Ripani";"Frente Justicialista Federal"
"1991";"99";"Carlos Antonio Gorosito";"Unión Cívica Radical"
"1991";"100";"Adalberto Edgardo Breser";"Frente Justicialista Federal"
"1991";"101";"Victorio Carlos Migliaro";"Frente Justicialista Federal"
"1991";"102";"Aldo Hugo Nascinbene";"Unión Cívica Radical"
"1991";"103";"Teodoro Gerónimo Dominguez";"Unión Cívica Radical"
"1991";"104";"Tomás Arnaldo Visciarelli";"Frente Justicialista Federal"
"1991";"105";"Alfredo Ramón Viviant";"Frente Justicialista Federal"
"1991";"106";"Melchor Angel Posse";"Unión Cívica Radical"
"1991";"107";"Eduardo Luis Di Rocco";"Frente Justicialista Federal"
"1991";"108";"Julio Arturo Pangaro";"Frente Justicialista Federal"
"1991";"109";"Oscar Ernesto Rodriguez";"Frente Justicialista Federal"
"1991";"110";"Juan Antonio Delfino";"Frente Justicialista Federal"
"1991";"111";"Julio José Zanatelli";"Fuerza Republicana"
"1991";"112";"Mario Alejandro Menchaca";"Unión Cívica Radical"
"1991";"113";"Ricardo José Ubieto";"Acción Comunal de Tigre"
"1991";"116";"Juan Ismael Ferrari";"Unión Cívica Radical"
"1991";"114";"Gerardo Pedro Rattero";"Frente Justicialista Federal"
"1991";"115";"Jorge Alberto Barracchia";"Unión Cívica Radical"
"1991";"117";"Fernando Ricci";"Frente Justicialista Federal"
"1991";"118";"Hugo Omar Curto";"Frente Justicialista Federal"
"1991";"126";"Miguel Angel Sei";"Frente Justicialista Federal"
"1991";"121";"Miguel Angel Di Salvo";"Frente Justicialista Federal"
"1991";"122";"Enrique Garcia";"Unión Cívica Radical"
"1991";"123";"Roberto Osvaldo Taboada";"Frente Justicialista Federal"
"1991";"124";"Amadeo Augusto Stefanelli";"Frente Justicialista Federal"
"1991";"125";"Aldo Luis Arrighi";"Unidad Socialista-Democracia Popular"
"1993";"1";"Abel Arnoldo Arias";"Frente Justicialista Federal"
"1993";"38";"Julio César Pereyra";"Frente Justicialista Federal"
"1993";"42";"Orfilio Ricardo Buiraz";"Frente Justicialista Federal"
"1993";"59";"Rafael Magnanini";"Frente Justicialista Federal"
"1995";"1";"Oscar Daniel Bonjour";"Frente Justicialista Federal"
"1995";"2";"Rubén Oscar Gamba";"Unión Cívica Radical"
"1995";"3";"Hebe Aurora Maruco";"Frente Justicialista Federal"
"1995";"4";"Baldomero Alvarez De Olivera";"Frente Justicialista Federal"
"1995";"5";"Luis Alfredo Ilarregui";"Frente Justicialista Federal"
"1995";"6";"Juan Atilio Barberena";"Frente Justicialista Federal"
"1995";"7";"Jaime Linares";"Unión Cívica Radical"
"1995";"8";"José Luis Perez";"Frente Justicialista Federal"
"1995";"9";"Pedro Alberto Carossi";"Frente Justicialista Federal"
"1995";"202";"Orlando Antonio Pederiva";"Frente Justicialista Federal"
"1995";"11";"Carlos Alberto Infanzon";"Frente Justicialista Federal"
"1995";"12";"Néstor Daniel Juzwa";"Frente Justicialista Federal"
"1995";"13";"Juan Carlos Simon";"Unión Cívica Radical"
"1995";"14";"Orlando Alberto Costa";"Unión Cívica Radical"
"1995";"15";"Carlos Alberto Garcia";"Unión Cívica Radical"
"1995";"16";"Jorge Rubén Varela";"Frente Justicialista Federal"
"1995";"17";"Héctor Leonardo Rivarola";"Unión Cívica Radical"
"1995";"18";"Oscar Darío Ostoich";"Frente Justicialista Federal"
"1995";"19";"Vicente Rodolfo Caprioli";"Frente Justicialista Federal"
"1995";"20";"Carlos Rivas";"Unión Cívica Radical"
"1995";"21";"Santiago Luis Pignataro";"Frente Justicialista Federal"
"1995";"23";"Ricardo A. Gonzalez Orono";"Frente Justicialista Federal"
"1995";"29";"Julián Andrés Dominguez";"Frente Justicialista Federal"
"1995";"30";"Norberto Fernandino";"Frente Justicialista Federal"
"1995";"31";"Rodolfo Bardengo";"Unión Cívica Radical"
"1995";"24";"Carlos Alberto Mazzieri";"Frente Justicialista Federal"
"1995";"25";"Pedro Juan Testani";"Frente Justicialista Federal"
"1995";"26";"Aldo Luis Mensi";"Unión Cívica Radical"
"1995";"27";"Jorge Osvaldo Izarra";"Frente Justicialista Federal"
"1995";"28";"Ricardo Alejo Moccero";"Agrupación Movimiento para la Victoria"
"1995";"32";"Luis Alberto Oliver";"Unión Cívica Radical"
"1995";"33";"Alfredo César Meckievi";"Frente Justicialista Federal"
"1995";"34";"Adalberto Rodolfo Del Negro";"Frente Justicialista Federal"
"1995";"35";"Luis Abelardo Patti";"Frente Justicialista Federal"
"1995";"36";"Alberto Groppi";"Frente Justicialista Federal"
"1995";"37";"Ricardo Angel Bozzani";"Frente Justicialista Federal"
"1995";"132";"Alejandro Santiago Granados";"Frente Justicialista Federal"
"1995";"38";"Julio César Pereyra";"Frente Justicialista Federal"
"1995";"127";"Patricio Antonio Garcia";"Frente Justicialista Federal"
"1995";"39";"Enrique Marcelo Honores";"Unión Cívica Radical"
"1995";"40";"Juan Carlos Gomez";"Frente Justicialista Federal"
"1995";"41";"Rodolfo Remo Arata";"Unión Cívica Radical"
"1995";"42";"Orfilio Ricardo Buiraz";"Frente Justicialista Federal"
"1995";"43";"Anibal Eugenio Loubet";"Unión Cívica Radical"
"1995";"44";"Juan Carlos Pellita";"Frente Justicialista Federal"
"1995";"45";"Juan Carlos Calo";"Frente Justicialista Federal"
"1995";"46";"Osvaldo J. Goicoechea";"Frente Justicialista Federal"
"1995";"47";"Raúl Adrián Mircovich";"Frente Justicialista Federal"
"1995";"48";"Edgardo Juan Uribarri";"Frente Justicialista Federal"
"1995";"49";"Luis Alberto Bruni";"Unión Cívica Radical"
"1995";"50";"Blas Aurelio Primo Aprile";"Unión Cívica Radical"
"1995";"51";"Oscar Jorge Di Landro";"Frente Justicialista Federal"
"1995";"52";"Antonio César Libonati";"Frente Justicialista Federal"
"1995";"54";"Juan Carlos Bartoletti";"Frente Justicialista Federal"
"1995";"55";"Gilberto Oscar Alegre";"Frente Justicialista Federal"
"1995";"56";"Carlos Américo Gonzalez";"Frente Justicialista Federal"
"1995";"57";"Miguel Angel Garcia Merida";"Frente Justicialista Federal"
"1995";"58";"Enrique Tkacik";"Unión Cívica Radical"
"1995";"134";"Juan José Alvarez";"Frente Justicialista Federal"
"1995";"133";"Alberto Daniel Descalzo";"Frente Justicialista Federal"
"1995";"129";"Rubén Oscar Glaria";"Frente Justicialista Federal"
"1995";"59";"Rafael Magnanini";"Frente Justicialista Federal"
"1995";"60";"Abel Paulino Miguel";"Unión Cívica Radical"
"1995";"119";"Guillermo Arturo Magadan";"Unión Cívica Radical"
"1995";"61";"Héctor Carlos Cozzi";"Frente Justicialista Federal"
"1995";"63";"Julio César Alak";"Frente Justicialista Federal"
"1995";"62";"Manuel Quindimil";"Frente Justicialista Federal"
"1995";"64";"Alfredo Gabriel Irigoin";"Unión Cívica Radical"
"1995";"65";"Antonio Ubaldo Lizarraga";"Unión Cívica Radica"
"1995";"66";"Gerardo Daniel Vignudo";"Frente Justicialista Federal"
"1995";"67";"Eduardo Donato Mango";"Unión Cívica Radical"
"1995";"68";"Ricardo Javier Jano";"Unión Cívica Radical"
"1995";"69";"Juan Erriest";"Unión Vecinal Conservadora de Lobos"
"1995";"70";"Juan Bruno Tavano";"Frente Justicialista Federal"
"1995";"71";"Miguel Angel Prince";"Frente Justicialista Federal"
"1995";"72";"Juan Oscar Sibetti";"Unión Cívica Radical"
"1995";"73";"Raúl José Bozzano";"Frente Justicialista Federal"
"1995";"130";"Jesús Cataldo Cariglino";"Frente Justicialista Federal"
"1995";"74";"Norberto A. Hegoburu";"Frente Justicialista Federal"
"1995";"75";"Enrique Jaime Salzmann";"Frente Justicialista Federal"
"1995";"76";"Julio César Gioscio";"Frente Justicialista Federal"
"1995";"77";"Raúl Alfredo Othacehe";"Frente Justicialista Federal"
"1995";"78";"Laura María Giagnacovo";"Frente Justicialista Federal"
"1995";"120";"Rodolfo Marcelo Di Pascuale";"Frente Justicialista Federal"
"1995";"79";"Mariano Federico West";"Frente Justicialista Federal"
"1995";"80";"Juan Carlos Rousselot";"Frente Justicialista Federal"
"1995";"81";"Marta Beatriz Teglia";"Frente Justicialista Federal"
"1995";"82";"Julio Miguel Municoy";"Frente Justicialista Federal"
"1995";"83";"Jesús Abel Blanco";"Frente Justicialista Federal"
"1995";"84";"Helios Eseverri";"Unión Cívica Radical"
"1995";"22";"Magdaleno Edgardo Ramos";"Frente Justicialista Federal"
"1995";"85";"César Fernando Peña";"Unión Cívica Radical"
"1995";"86";"Roberto Etchegaray";"Unión Cívica Radical"
"1995";"87";"Alcides Fidel Sequeiro";"Frente Justicialista Federal"
"1995";"88";"Néstor Silvio Chesini";"Unión Cívica Radical"
"1995";"89";"Alberto Juan Alberini";"Frente Justicialista Federal"
"1995";"90";"Blas Antonio Altieri";"Movimiento Unión del Partido de Pinamar"
"1995";"128";"Oscar E. R. Rodriguez";"Frente Justicialista Federal"
"1995";"91";"Carlos Eugenio Astorga";"Frente Justicialista Federal"
"1995";"131";"Luis Alberto Colabianchi";"Frente Justicialista Federal"
"1995";"92";"Federico Carlos Scarabino";"Frente Justicialista Federal"
"1995";"93";"Alejandro Pedro Ballester";"Frente Justicialista Federal"
"1995";"94";"Nicolás Alberto Sica";"Unión Cívica Radical"
"1995";"95";"Héctor Luis Trucco";"Frente Justicialista Federal"
"1995";"96";"Mario Gustavo Vignali";"Unión Cívica Radical"
"1995";"97";"Hugo Pablo Oreja";"Frente Justicialista Federal"
"1995";"98";"Alberto José Meiller";"Unión Cívica Radical"
"1995";"99";"Carlos Antonio Gorosito";"Unión Cívica Radical"
"1995";"100";"Hugo Catellani";"Frente Justicialista Federal"
"1995";"101";"Ricardo José Alessandro";"Frente Justicialista Federal"
"1995";"102";"Aldo Hugo Nascimbene";"Unión Cívica Radical"
"1995";"103";"Roberto Héctor Sorchilli";"Frente Justicialista Federal"
"1995";"104";"Tomás Arnaldo Visciarelli";"Frente Justicialista Federal"
"1995";"105";"Gerardo Osvaldo Amieiro";"Frente Justicialista Federal"
"1995";"106";"Melchor Angel Posse";"Unión Cívica Radical"
"1995";"53";"José De Luca";"Frente Justicialista Federal"
"1995";"107";"Eduardo Luis Di Rocco";"Frente Justicialista Federal"
"1995";"108";"Julio Arturo Pangaro";"Frente Justicialista Federal"
"1995";"109";"Brigida Malacrida De Arcuri";"Frente Justicialista Federal"
"1995";"110";"Juan Antonio Delfino";"Frente Justicialista Federal"
"1995";"111";"Julio José Zanatelli";"Apertura Independiente de Tandil"
"1995";"112";"Ricardo Toribio Romera";"Frente Justicialista Federal"
"1995";"113";"Ricardo José Ubieto";"Acción Comunal del Partido de Tigre"
"1995";"116";"Agustín Enrique Monge";"Frente Justicialista Federal"
"1995";"114";"Gerardo Pedro Rattero";"Frente Justicialista Federal"
"1995";"115";"Jorge Alberto Barracchia";"Unión Cívica Radical"
"1995";"117";"Carlos Hugo Aprile";"Movimiento Vecinal del Partido de Tres Arroyos"
"1995";"118";"Hugo Omar Curto";"Frente Justicialista Federal"
"1995";"126";"Roberto Santiago Marino";"Unión Cívica Radical"
"1995";"121";"Miguel Angel Di Salvo";"Frente Justicialista Federal"
"1995";"122";"Enrique Garcia";"Unión Cívica Radical"
"1995";"123";"Héctor Luis Baldo";"Unión Cívica Radical"
"1995";"124";"Amadeo Augusto Stefanelli";"Frente Justicialista Federal"
"1995";"125";"Oscar Felipe Morano";"Frente Justicialista Federal"
"1997";"1";"Alberto Gutt";"Frente Justicialista Bonaerense"
"1997";"100";"Víctor Hugo Elizalde";"Frente Justicialista Bonaerense"
"1997";"103";"Roberto Fabio Sorchilli";"Frente Justicialista Bonaerense"
"1997";"53";"Aldo Rico";"Alianza Frente por San Miguel"
"1999";"1";"Alberto Gutt";"Alianza Concertación Justicialista para el Cambio"
"1999";"2";"Daniel Javier Frascini";"Alianza para el Trabajo, la Justicia y la Educación"
"1999";"3";"Hebe Aurora Maruco";"Alianza Concertación Justicialista para el Cambio"
"1999";"10";"Gustavo Javier Picoy";"Alianza para el Trabajo, la Justicia y la Educación"
"1999";"4";"Oscar Alberto Laborde";"Alianza para el Trabajo, la Justicia y la Educación"
"1999";"5";"Julio César Cano";"Alianza Concertación Justicialista para el Cambio"
"1999";"6";"Omar Arnaldo Duclos";"Unión Cívica Radical"
"1999";"7";"Jaime Linares";"Alianza para el Trabajo, la Justicia y la Educación"
"1999";"8";"José Luis Perez";"Alianza Concertación Justicialista para el Cambio"
"1999";"9";"Pedro Alberto Carossi";"Alianza Concertación Justicialista para el Cambio"
"1999";"11";"Carlos Alberto Infanzon";"Alianza Concertación Justicialista para el Cambio"
"1999";"12";"Néstor Daniel Juzwa";"Alianza Concertación Justicialista para el Cambio"
"1999";"13";"Juan Carlos Simon";"Alianza para el Trabajo, la Justicia y la Educación"
"1999";"14";"Orlando Alberto Costa";"Alianza para el Trabajo, la Justicia y la Educación"
"1999";"15";"Carlos Alberto Garcia";"Alianza para el Trabajo, la Justicia y la Educación"
"1999";"16";"Jorge Rubén Varela";"Alianza Concertación Justicialista para el Cambio"
"1999";"17";"Ezequiel Juan Rizzi";"Alianza para el Trabajo, la Justicia y la Educación"
"1999";"18";"Oscar Darío Ostoich";"Alianza Concertación Justicialista para el Cambio"
"1999";"19";"José Juan Andreoli";"Alianza para el Trabajo, la Justicia y la Educación"
"1999";"20";"Carlos Rivas";"Alianza para el Trabajo, la Justicia y la Educación"
"1999";"21";"Luis Alberto Pronesti";"Alianza Concertación Justicialista para el Cambio"
"1999";"23";"Edgardo Antonio Larraza";"Alianza para el Trabajo, la Justicia y la Educación"
"1999";"29";"Horacio Recalde";"Alianza para el Trabajo, la Justicia y la Educación"
"1999";"30";"Juan Alberto Gobbi";"Alianza para el Trabajo, la Justicia y la Educación"
"1999";"31";"Juan Carlos Ferzola";"Unión Cívica Radical"
"1999";"24";"Carlos Alberto Mazzieri";"Alianza Concertación Justicialista para el Cambio"
"1999";"25";"Osvaldo Anibal Crego";"Alianza para el Trabajo, la Justicia y la Educación"
"1999";"26";"Aldo Luis Mensi";"Alianza para el Trabajo, la Justicia y la Educación"
"1999";"27";"Jorge Osvaldo Izarra";"Alianza Concertación Justicialista para el Cambio"
"1999";"28";"Ricardo Alejo Moccero";"Movimiento para la Victoria"
"1999";"32";"Luis Alberto Oliver";"Alianza para el Trabajo, la Justicia y la Educación"
"1999";"33";"Luis Roberto Lovari";"Alianza Concertación Justicialista para el Cambio"
"1999";"34";"Adalberto Rodolfo Del Negro";"Alianza Concertación Justicialista para el Cambio"
"1999";"35";"Luis Abelardo Patti";"Unidad Bonaerense"
"1999";"36";"Alberto Groppi";"Unión Vecinalista"
"1999";"37";"Ricardo Angel Bozzani";"Alianza Concertación Justicialista para el Cambio"
"1999";"132";"Alejandro Santiago Granados";"Alianza Concertación Justicialista para el Cambio"
"1999";"38";"Julio César Pereyra";"Alianza Concertación Justicialista para el Cambio"
"1999";"127";"Andrea Fabiana Garcia";"Alianza Concertación Justicialista para el Cambio"
"1999";"39";"Enrique Marcelo Honores";"Unión Cívica Radical"
"1999";"40";"Gaudencio Aníbal Fernandez";"Alianza Concertación Justicialista para el Cambio"
"1999";"41";"Rodolfo Remo Arata";"Alianza para el Trabajo, la Justicia y la Educación"
"1999";"42";"Esteban Francisco Tolosa";"Alianza para el Trabajo, la Justicia y la Educación"
"1999";"43";"Aníbal Eugenio Loubet";"Unión Cívica Radical"
"1999";"44";"Juan Carlos Pellitta";"Alianza Concertación Justicialista para el Cambio"
"1999";"45";"Juan José Gonzalez";"Alianza Concertación Justicialista para el Cambio"
"1999";"46";"Osvaldo J. Goicoechea";"Alianza Concertación Justicialista para el Cambio"
"1999";"47";"Raúl Adrián Mircovich";"Alianza Concertación Justicialista para el Cambio"
"1999";"48";"Edgardo Juan Uribarri";"Alianza Concertación Justicialista para el Cambio"
"1999";"49";"Luis Alberto Bruni";"Alianza para el Trabajo, la Justicia y la Educación"
"1999";"50";"Blas Aurelio Primo Aprile";"Alianza para el Trabajo, la Justicia y la Educación"
"1999";"51";"Oscar Jorge Di Landro";"Alianza Concertación Justicialista para el Cambio"
"1999";"52";"Ricardo Ivoskus";"Alianza para el Trabajo, la Justicia y la Educación"
"1999";"54";"Elio Arnaldo Torregiani";"Alianza para el Trabajo, la Justicia y la Educación"
"1999";"55";"Gilberto Oscar Alegre";"Alianza Concertación Justicialista para el Cambio"
"1999";"56";"Carlos Américo Gonzalez";"Alianza Concertación Justicialista para el Cambio"
"1999";"57";"Carlos Alberto Cordero";"Unión y Alianza para el Cambio"
"1999";"58";"Enrique Tkacik";"Unión Cívica Radical"
"1999";"134";"Juan José Alvarez";"Alianza Concertación Justicialista para el Cambio"
"1999";"133";"Alberto Daniel Descalzo";"Alianza Concertación Justicialista para el Cambio"
"1999";"129";"Mario Alberto Ishii";"Alianza Concertación Justicialista para el Cambio"
"1999";"59";"Rafael Magnanini";"Alianza Concertación Justicialista para el Cambio"
"1999";"60";"Abel Paulino Miguel";"Alianza para el Trabajo, la Justicia y la Educación"
"1999";"119";"Guillermo Arturo Magadan";"Alianza para el Trabajo, la Justicia y la Educación"
"1999";"61";"Alberto Edgardo Balestrini";"Alianza Concertación Justicialista para el Cambio"
"1999";"63";"Julio César Alak";"Alianza Concertación Justicialista para el Cambio"
"1999";"62";"Manuel Quindimil";"Alianza Concertación Justicialista para el Cambio"
"1999";"64";"Susana Haydée Iglesias";"Alianza para el Trabajo, la Justicia y la Educación"
"1999";"65";"Antonio Ubaldo Lizarraga";"Alianza para el Trabajo, la Justicia y la Educación"
"1999";"66";"Alberto R. Conocchiari";"Alianza para el Trabajo, la Justicia y la Educación"
"1999";"67";"Eduardo Donato Mango";"Alianza para el Trabajo, la Justicia y la Educación"
"1999";"68";"Ricardo Javier Jano";"Alianza para el Trabajo, la Justicia y la Educación"
"1999";"69";"Juan Erriest";"Unión Vecinal Conservadora de Lobos"
"1999";"70";"Edgardo Di Dio Cardalana";"Alianza para el Trabajo, la Justicia y la Educación"
"1999";"71";"Miguel Angel Prince";"Alianza Concertación Justicialista para el Cambio"
"1999";"72";"Juan Oscar Sibetti";"Alianza para el Trabajo, la Justicia y la Educación"
"1999";"73";"Raúl José Bozzano";"Alianza Concertación Justicialista para el Cambio"
"1999";"130";"Jesús Cataldo Cariglino";"Alianza Concertación Justicialista para el Cambio"
"1999";"74";"Fernando C. Soler";"Alianza para el Trabajo, la Justicia y la Educación"
"1999";"75";"Enrique Jaime Salzmann";"Alianza Concertación Justicialista para el Cambio"
"1999";"76";"Julio César Gioscio";"Alianza Concertación Justicialista para el Cambio"
"1999";"77";"Raúl Alfredo Othacehe";"Alianza Concertación Justicialista Par el Cambio"
"1999";"78";"Laura María Giagnacovo";"Alianza Concertación Justicialista para el Cambio"
"1999";"120";"Rodolfo Marcelo Di Pascuale";"Alianza Concertación Justicialista para el Cambio"
"1999";"79";"Mariano Federico West";"Alianza Concertación Justicialista para el Cambio"
"1999";"80";"Martín Sabbatella";"Alianza para el Trabajo, la Justicia y la Educación"
"1999";"81";"Alfredo Castellari";"Alianza para el Trabajo, la Justicia y la Educación"
"1999";"82";"Julio Miguel Municoy";"Alianza Concertación Justicialista para el Cambio"
"1999";"83";"Jesús Abel Blanco";"Alianza Concertación Justicialista para el Cambio"
"1999";"84";"Helios Eseverri";"Alianza para el Trabajo, la Justicia y la Educación"
"1999";"22";"Ricardo Néstor Curetti";"Alianza Concertación Justicialista para el Cambio"
"1999";"85";"César Fernando Peña";"Unión Cívica Radical"
"1999";"86";"Roberto Etchegaray";"Alianza para el Trabajo, la Justicia y la Educación"
"1999";"87";"Héctor María Gutierrez";"Alianza para el Trabajo, la Justicia y la Educación"
"1999";"88";"Claudio F. Lancieri";"Alianza para el Trabajo, la Justicia y la Educación"
"1999";"89";"Sergio Bivort";"Alianza-Frente por el Cambio"
"1999";"90";"Blas Antonio Altieri";"Movimiento Unión del Partido de Pinamar"
"1999";"128";"Oscar E. R. Rodriguez";"Alianza Concertación Justicialista para el Cambio"
"1999";"91";"Horacio Luis Lopez";"Alianza para el Trabajo, la Justicia y la Educación"
"1999";"131";"Luis A. Colabianchi";"Alianza Concertación Justicialista para el Cambio"
"1999";"92";"Fernando Diego Gerones";"Alianza para el Trabajo, la Justicia y la Educación"
"1999";"93";"Roberto Silvio Rafael Filpo";"Alianza para el Trabajo, la Justicia y la Educación"
"1999";"94";"Jorge Horacio Petreigne";"Alianza para el Trabajo, la Justicia y la Educación"
"1999";"95";"Sergio Omar Buil";"Alianza para el Trabajo, la Justicia y la Educación"
"1999";"96";"Mario Gustavo Vignali";"Alianza para el Trabajo, la Justicia y la Educación"
"1999";"97";"Jorge Jesús Cravero";"Alianza para el Trabajo, la Justicia y la Educación"
"1999";"98";"Rubén Carlos Grenada";"Alianza para el Trabajo, la Justicia y la Educación"
"1999";"99";"Carlos Antonio Gorosito";"Alianza para el Trabajo, la Justicia y la Educación"
"1999";"100";"Osvaldo Enrique Cattaneo";"Alianza para el Trabajo, la Justicia y la Educación"
"1999";"101";"Ricardo José Alessandro";"Alianza Concertación Justicialista para el Cambio"
"1999";"102";"Aldo Hugo Nascimbene";"Unión Cívica Radical"
"1999";"103";"José Antonio Cames";"Alianza para el Trabajo, la Justicia y la Educación"
"1999";"104";"Miguel Angel Stornini";"Alianza Concertación Justicialista para el Cambio"
"1999";"105";"Gerardo Osvaldo Amieiro";"Alianza Concertación Justicialista para el Cambio"
"1999";"106";"Angel Gustavo Posse";"Alianza Frente por San Isidro"
"1999";"53";"Aldo Rico";"Alianza Concertación Justicialista para el Cambio"
"1999";"107";"Pedro José Novau";"Alianza para el Trabajo, la Justicia y la Educación"
"1999";"108";"Mario Leandro Barbieri";"Alianza para el Trabajo, la Justicia y la Educación"
"1999";"109";"Brígida Malacrida De Arcuri";"Alianza Concertación Justicialista para el Cambio"
"1999";"110";"Juan Antonio Delfino";"Alianza Concertación Justicialista para el Cambio"
"1999";"111";"Julio José Zanatelli";"Acción por la Republica"
"1999";"112";"Ricardo Toribio Romera";"Alianza Concertación Justicialista para el Cambio"
"1999";"113";"Ricardo José Ubieto";"Acción Comunal del Partido de Tigre"
"1999";"116";"Agustín Enrique Monge";"Alianza Concertación Justicialista para el Cambio"
"1999";"114";"Gerardo Pedro Rattero";"Alianza Concertación Justicialista para el Cambio"
"1999";"115";"Jorge Alberto Barracchia";"Alianza para el Trabajo, la Justicia y la Educación"
"1999";"117";"Carlos Hugo Aprile";"Movimiento Vecinal del Partido de Tres Arroyos"
"1999";"118";"Hugo Omar Curto";"Alianza Concertación Justicialista para el Cambio"
"1999";"126";"Roberto Santiago Marino";"Alianza para el Trabajo, la Justicia y la Educación"
"1999";"121";"Mariano Horacio Grau";"Alianza para el Trabajo, la Justicia y la Educación"
"1999";"122";"Enrique Garcia";"Alianza para el Trabajo, la Justicia y la Educación"
"1999";"123";"Héctor Luis Baldo";"Alianza para el Trabajo, la Justicia y la Educación"
"1999";"124";"Jorge Simoni";"Alianza para el Trabajo, la Justicia y la Educación"
"1999";"125";"Oscar Felipe Morano";"Alianza Concertación Justicialista para el Cambio"
"2001";"9";"Ricardo Alberto Montesanti";"Justicialista"
"2001";"74";"Alejandro Luis Ruau";"Unión Cívica Radical"
"2003";"1";"Alberto Gutt";"Justicialista"
"2003";"2";"Leonel Omar Zacca";"Justicialista"
"2003";"3";"Manuel Alfredo Rodriguez";"Justicialista"
"2003";"10";"Carlos Francisco Angelini";"Unión Cívica Radical"
"2003";"4";"Baldomero Alvarez de Olivera";"Justicialista"
"2003";"5";"Darío David";"Justicialista"
"2003";"6";"Omar Arnaldo Duclos";"Unión Cívica Radical"
"2003";"7";"Rodolfo Lopes";"Justicialista"
"2003";"8";"Carlos Alberto Erreguerena";"Justicialista"
"2003";"9";"Ricardo Alberto Montesanti";"Frente Lealtad"
"2003";"11";"Juan José Mussi";"Justicialista"
"2003";"12";"Enrique Alfredo Slezack";"Justicialista"
"2003";"13";"Juan Carlos Simon";"Unión Cívica Radical"
"2003";"14";"Orlando Alberto Costa";"Unión Cívica Radical"
"2003";"15";"Carlos Alberto Garcia";"Unión Cívica Radical"
"2003";"16";"Jorge Rubén Varela";"Justicialista"
"2003";"17";"Héctor Leonardo Rivarola";"Unión Cívica Radical"
"2003";"18";"Francisco José Alvarez";"Nueva Unión Vecinal"
"2003";"19";"Omar “Peli” Foglia";"Unión Cívica Radical"
"2003";"20";"Emilio Monzo";"Justicialista"
"2003";"21";"Luis Alberto Pronesti";"Justicialista"
"2003";"23";"Edgardo Antonio Larraza";"Unión Cívica Radical"
"2003";"29";"Rubén Darío Golia";"Justicialista"
"2003";"30";"Liliana E. Denot";"Unión Cívica Radical"
"2003";"31";"Ariel Fabián Franetovich";"Justicialista"
"2003";"24";"Ricardo Miguel Casi";"Justicialista"
"2003";"26";"Aldo Luis Mensi";"Unión Cívica Radical"
"2003";"27";"Néstor Hugo Starc";"Integración Vecinalista Rosaleña"
"2003";"28";"Ricardo Alejo Moccero";"Movimiento para la Victoria de Coronel Suárez"
"2003";"32";"Luis Alberto Oliver";"Unión Cívica Radical"
"2003";"33";"Alfredo César Meckievi";"Justicialista"
"2003";"34";"Mario “Pato” Secco";"Frente Alternativo para el Cambio Ensenadense"
"2003";"35";"Silvio Víctor Gonzalez";"Accion Federalista por Buenos Aires"
"2003";"36";"Alberto Groppi";"Unión Vecinalista de Esteban Echeverria"
"2003";"37";"Horacio Alberto Errazu";"Frente Justicialista para Todos"
"2003";"132";"Alejandro Santiago Granados";"Justicialista"
"2003";"38";"Julio César Pereyra";"Justicialista"
"2003";"127";"Andrea Fabiana Garcia";"Justicialista"
"2003";"39";"Tomás Hogan";"Justicialista"
"2003";"40";"Aldo Rubén Sivero";"Justicialista"
"2003";"41";"Juan Carlos Geloso";"Justicialista"
"2003";"42";"Dardo Luis Auricchio";"Frente Juntos por Belgrano"
"2003";"43";"Aníbal Eugenio Loubet";"Unión Cívica Radical"
"2003";"44";"Carlos Alfredo Valicenti";"Unión Cívica Radical"
"2003";"45";"Juan Carlos Calo";"Justicialista"
"2003";"46";"Osvaldo Jorge Goicoechea";"Justicialista"
"2003";"47";"Juan Daniel Knesevich";"Justicialista"
"2003";"48";"Edgardo Juan Uribarri";"Justicialista"
"2003";"49";"Alexis Raúl Guerrera";"Justicialista"
"2003";"50";"Daniel Katz";"El Frente"
"2003";"51";"Jorge Marcelo Coronel";"Justicialista"
"2003";"52";"Ricardo Ivoskus";"San Martin Con Honestidad"
"2003";"54";"Juan Carlos Bartoletti";"Justicialista"
"2003";"55";"Gilberto Oscar Alegre";"Justicialista"
"2003";"56";"Luis Daniel Vissani";"Unión Vecinal de Gonzáles Chaves"
"2003";"57";"Carlos Alberto Cordero";"Unión y Alianza para el Cambio"
"2003";"58";"Enrique Tkacik";"Unión Cívica Radical"
"2003";"134";"Luis Emilio Acuña";"Justicialista"
"2003";"133";"Alberto Daniel Descalzo";"Justicialista"
"2003";"129";"Mario Alberto Ishii";"Justicialista"
"2003";"59";"Julio César Marini";"Justicialista"
"2003";"60";"Mario Andrés Meoni";"Unión Cívica Radical"
"2003";"119";"Juan De Jesus";"Justicialista"
"2003";"61";"Alberto Edgardo Balestrini";"Justicialista"
"2003";"63";"Julio César Alak";"Justicialista"
"2003";"62";"Manuel Quindimil";"Justicialista"
"2003";"64";"Susana Haydeé Iglesias";"Unión Cívica Radical"
"2003";"65";"Alberto César Gelene";"Justicialista"
"2003";"66";"Alberto Rubén Conocchiari";"Frente Espacio para los Vecinos"
"2003";"67";"Jorge Fernandez";"Justicialista"
"2003";"68";"Hugo César Rodriguez";"Justicialista"
"2003";"69";"Gustavo Rubén Sobrero";"Justicialista"
"2003";"70";"Jorge Omar Rossi";"Justicialista"
"2003";"71";"Miguel Angel Prince";"Justicialista"
"2003";"72";"Fernando Gabriel Carballo";"Justicialista"
"2003";"73";"Horacio Miguel Morete";"Unión Cívica Radical"
"2003";"130";"Jesús Cataldo Cariglino";"Justicialista"
"2003";"74";"Jorge Alberto Paredi";"Justicialista"
"2003";"75";"Ricardo Curutchet";"Concertación por Marcos Paz"
"2003";"76";"Carlos Américo Selva";"Justicialista"
"2003";"77";"Raúl Alfredo Othacehe";"Justicialista"
"2003";"78";"Laura María Giagnacovo";"Justicialista"
"2003";"120";"Rodolfo Marcelo Di Pascuale";"Justicialista"
"2003";"79";"Andrés Roberto Arregui";"Justicialista"
"2003";"80";"Martín Sabbatella";"Agrupacion Municipal \"\"Nuevo Morón\"\"\"\""
"2003";"81";"Alfredo Castellari";"Unión Cívica Radical"
"2003";"82";"Daniel Anselmo Molina";"Unión Cívica Radical"
"2003";"83";"Martín Darío Callegaro";"Justicialista"
"2003";"84";"Helios Eseverri";"Unión Cívica Radical"
"2003";"22";"Ricardo Néstor Curetti";"Justicialista"
"2003";"85";"Juan Carlos Mascheroni";"Justicialista"
"2003";"86";"Roberto Etchegaray";"Unión Cívica Radical"
"2003";"87";"Héctor María Gutierrez";"Integración Cívica Pergaminense"
"2003";"88";"Gustavo Alfredo Walker";"Justicialista"
"2003";"89";"Humberto Edgardo Zuccaro";"Justicialista"
"2003";"90";"Blas Antonio Altieri";"Movimiento Unión del Partido de Pinamar"
"2003";"128";"Alfonso Aníbal Regueiro";"Justicialista"
"2003";"91";"Horacio Luis Lopez";"Frente Vecinal para el Crecimiento"
"2003";"131";"Héctor Daniel Equiza";"Unión Cívica Radical"
"2003";"92";"Sergio Omar Villordo";"Justicialista"
"2003";"93";"Walter Ariel Santalla";"Unión Cívica Radical"
"2003";"94";"Jorge M. R Ugarte";"Justicialista"
"2003";"95";"Sergio Omar Buil";"Frente Social por Rivadavia"
"2003";"96";"Norberto Aloe";"Justicialista"
"2003";"97";"Hugo Pablo Oreja";"Justicialista"
"2003";"98";"Rubén Carlos Grenada";"Unión Distrito de Saavedra"
"2003";"99";"Carlos Antonio Gorosito";"Unión Cívica Radical"
"2003";"100";"Osvaldo Enrique Cattaneo";"Unión Cívica Radical"
"2003";"101";"Edgardo Raúl Burgos";"Afirmación para una Republica Igualitaria"
"2003";"102";"Luis A Ghione";"Justicialista"
"2003";"103";"Eduardo Jordan";"Unión Cívica Radical"
"2003";"104";"Miguel Angel Stornini";"Justicialista"
"2003";"105";"Gerardo Osvaldo Amieiro";"Justicialista"
"2003";"106";"Angel Gustavo Posse";"Acción Vecinal San Isidro Es Distinto"
"2003";"53";"Oscar D Zilocchi";"Frente Popular Bonaerense"
"2003";"107";"Marcelo Alberto Carignani";"Justicialista"
"2003";"108";"Mario Leandro Barbieri";"Unión Cívica Radical"
"2003";"109";"Brígida Malacrida";"Justicialista"
"2003";"110";"Juan Antonio Delfino";"Justicialista"
"2003";"111";"Miguel Angel Lunghi";"Unión Cívica Radical"
"2003";"112";"Ricardo Toribio Romera";"Justicialista"
"2003";"113";"Ricardo José Ubieto";"Agrupación Acción Comunal del Partido de Tigre"
"2003";"116";"Héctor Aníbal Olivera";"Justicialista"
"2003";"114";"Gerardo Pedro Rattero";"Justicialista"
"2003";"115";"Juan Carlos Font";"Unión Cívica Radical"
"2003";"117";"Carlos Alberto Sanchez";"Movimiento Vecinal del de Tres Arroyos"
"2003";"118";"Hugo Omar Curto";"Justicialista"
"2003";"126";"Mario Luis Espada";"Unión Cívica Radical"
"2003";"121";"Mariano Horacio Grau";"Unión Cívica Radical"
"2003";"122";"Enrique Garcia";"Frente Comunal de Vicente López"
"2003";"123";"Héctor Luis Baldo";"Unión Cívica Radical"
"2003";"124";"Jorge Simoni";"Unión Cívica Radical"
"2003";"125";"Elio Omar Bernues";"Justicialista"
"2007";"1";"Alberto Gutt";"Justicialista"
"2007";"2";"Leonel Omar Zacca";"Frente para la Victoria"
"2007";"3";"Rubén Darío Giustozzi";"De la Victoria"
"2007";"10";"Daniel Néstor Bolinaga";"De la Victoria"
"2007";"4";"Baldomero Alvarez de Olivera";"Justicialista"
"2007";"5";"Darío David";"Justicialista"
"2007";"6";"Omar Arnaldo Duclos";"Frente Coalición Cívica"
"2007";"7";"Cristian Breitenstein";"Justicialista"
"2007";"8";"José Luis Perez";"De la Victoria"
"2007";"9";"Aldo M. Carossi";"De la Victoria"
"2007";"11";"Juan José Mussi";"Justicialista"
"2007";"12";"Enrique Alfredo Slezack";"De la Victoria"
"2007";"13";"Juan Carlos Simon";"Unión Cívica Radical"
"2007";"14";"Aldo Omar San Pedro";"Frente para la Victoria"
"2007";"15";"Carlos Alberto Garcia";"Unión Cívica Radical"
"2007";"16";"Stella Maris Giroldi";"Frente para la Victoria"
"2007";"17";"Gustavo Héctor Arrieta";"De la Victoria"
"2007";"18";"Oscar D. Ostoich";"Movimiento H.A.C.E.R. por Buenos Aires"
"2007";"19";"Omar \"\"Peli\"\" Foglia\"\"";"Agrupacion Municipal Casarense"
"2007";"20";"María C. Gianini";"Frente para la Victoria"
"2007";"21";"Marcelo Alejandro Skansi";"Nueva Alternativa Carmeña"
"2007";"23";"Edgardo Antonio Larraza";"Integracion y Movilidad Social"
"2007";"29";"Rubén Darío Golia";"Justicialista"
"2007";"30";"Liliana Denot";"Unión Cívica Radical"
"2007";"31";"Ariel Fabián Franetovich";"Frente para la Victoria"
"2007";"24";"Ricardo Miguel Casi";"De la Victoria"
"2007";"25";"Fabián Andrés Zorzano";"Unión Cívica Radical"
"2007";"26";"Aldo Luis Mensi";"Unión Cívica Radical"
"2007";"27";"Néstor Hugo Starc";"Integracion Vecinalista Rosaleña"
"2007";"28";"Ricardo Alejo Moccero";"Movimiento H.A.C.E.R. por Buenos Aires"
"2007";"32";"Luis Alberto Oliver";"Unión Cívica Radical"
"2007";"33";"Luis María Camilo Etchevarren";"Frente Coalición Cívica"
"2007";"34";"Mario Carlos Secco";"De la Victoria"
"2007";"35";"Sandro Adrián Guzman";"Unidad Federalista"
"2007";"36";"Fernando Javier Gray";"Justicialista"
"2007";"37";"Horacio Alberto Errazu";"Frente para la Victoria"
"2007";"132";"Alejandro Santiago Granados";"Justicialista"
"2007";"38";"Julio César Pereyra";"Frente para la Victoria"
"2007";"127";"Andrea Fabiana Garcia";"Justicialista"
"2007";"39";"Patricio Hogan";"De la Victoria"
"2007";"40";"Gustavo Horacio Marcos";"De la Victoria"
"2007";"41";"José María Medina";"De la Victoria"
"2007";"42";"Germán E. Cestona";"Frente para la Victoria"
"2007";"43";"Aníbal Eugenio Loubet";"Unión Cívica Radical"
"2007";"44";"Juan Carlos Pellitta";"Justicialista"
"2007";"45";"Juan Carlos Calo";"Frente para la Victoria"
"2007";"46";"Guillermo Daniel Marchi";"De la Victoria"
"2007";"47";"Raúl Adrián Mircovich";"Justicialista"
"2007";"48";"Juan Carlos Veramendi";"Justicialista"
"2007";"49";"Alexis Raúl Guerrera";"Frente para la Victoria"
"2007";"50";"Gustavo Arnaldo Pulti";"Accion Marplatense"
"2007";"51";"Jorge Marcelo Coronel";"Frente para la Victoria"
"2007";"52";"Ricardo Ivoskus";"Frente Cívico para la Concertación Vecinal San Martín Honestidad y Trabajo"
"2007";"54";"Juan Carlos Bartoletti";"Frente para la Victoria"
"2007";"55";"Gilberto Oscar Alegre";"Frente para la Victoria"
"2007";"56";"Luis Daniel Vissani";"Unión Vecinal de Adolfo González Chaves"
"2007";"57";"Carlos Alberto Cordero";"Unión y Alianza"
"2007";"58";"Enrique Tkacik";"Frente Coalición Cívica"
"2007";"134";"Luis Emilio Acuña";"Justicialista"
"2007";"133";"Alberto Daniel Descalzo";"Frente para la Victoria"
"2007";"129";"Mario Alberto Ishii";"Frente para la Victoria"
"2007";"59";"Pedro A. Gamaleri";"Unión Cívica Radical"
"2007";"60";"Mario Andrés Meoni";"Frente Cívico Concertación - Junin por Todos"
"2007";"119";"Juan Pablo De Jesus";"Frente para la Victoria"
"2007";"61";"Tomás Fernando Espinoza";"Frente para la Victoria"
"2007";"63";"Oscar Pablo Bruera";"Progreso Social"
"2007";"62";"Darío Hugo Diaz Perez";"De la Victoria"
"2007";"64";"Alfredo Rubén Fisher";"Frente para la Victoria"
"2007";"65";"Alberto César Gelene";"Frente para la Victoria"
"2007";"66";"Alberto Rubén Conocchiari";"Frente Cívico Concertación - Unión por Todos"
"2007";"67";"Jorge Abel Fernandez";"Justicialista"
"2007";"68";"Hugo César Rodriguez";"Frente para la Victoria"
"2007";"69";"Gustavo Rubén Sobrero";"Frente para la Victoria"
"2007";"70";"Jorge Omar Rossi";"Justicialista"
"2007";"71";"Graciela Zulema Rosso";"Justicialista"
"2007";"72";"Fernando Gabriel Carballo";"Frente para la Victoria"
"2007";"73";"Aníbal Rappallini";"Unión Cívica Radical"
"2007";"130";"Jesús Cataldo Cariglino";"Justicialista"
"2007";"74";"Jorge Alberto Paredi";"De la Victoria"
"2007";"75";"Ricardo Curutchet";"Frente Cívico para la Concertación Vecinal de Marcos Paz"
"2007";"76";"Carlos Américo Selva";"De la Victoria"
"2007";"77";"Raúl Alfredo Othacehe";"Frente para la Victoria"
"2007";"78";"Raúl Carlos Iribarne";"Concertación Una Nación Avanzada"
"2007";"120";"Enrique Alejandro Dichiara";"Frente para la Victoria"
"2007";"79";"Andrés Roberto Arregui";"Frente para la Victoria"
"2007";"80";"Martín Sabbatella";"Nuevo Morón"
"2007";"81";"Alfredo Castellari";"Unión Cívica Radical"
"2007";"82";"Daniel Anselmo Molina";"Unión Cívica Radical"
"2007";"83";"Walter Roberto Battistella";"Unión Cívica Radical"
"2007";"84";"José María Eseverri";"De la Victoria"
"2007";"22";"Ricardo Néstor Curetti";"Frente para la Victoria"
"2007";"85";"Pablo Javier Zurro";"Justicialista"
"2007";"86";"Miguel Angel Pacheco";"Unión Cívica Radical"
"2007";"87";"Héctor María Gutierrez";"Frente Concertación Integración Cívica Pergaminense"
"2007";"88";"Gustavo Alfredo Walker";"Frente para la Victoria"
"2007";"89";"Humberto Edgardo Zuccaro";"Frente para la Victoria"
"2007";"90";"Roberto Martín Porretti";"Justicialista"
"2007";"128";"Alfonso Aníbal Regueiro";"Participación de Ciudadanos Libres para el Cambio"
"2007";"91";"Horacio Luis Lopez";"Frente Vecinal para el Crecimiento Local"
"2007";"131";"Héctor Daniel Equiza";"Unión Cívica Radical"
"2007";"92";"Francisco Virgilio Gutierrez";"Polo Social"
"2007";"93";"Walter Ariel Santalla";"Frente Cívico Concertación Acción por Ramallo"
"2007";"94";"Jorge M. R. Ugarte";"Frente para la Victoria"
"2007";"95";"Sergio Omar Buil";"Frente Coalición Cívica"
"2007";"96";"Norberto Aloe";"De la Victoria"
"2007";"97";"Hugo Pablo Oreja";"De la Victoria"
"2007";"98";"Rubén Carlos Grenada";"Frente Coalición Cívica"
"2007";"99";"Carlos Antonio Gorosito";"Unión Cívica Radical"
"2007";"100";"Osvaldo Enrique Cattaneo";"Unión Cívica Radical"
"2007";"101";"Victorio Carlos Migliaro";"Justicialista"
"2007";"102";"Luis Alberto Ghione";"De la Victoria"
"2007";"103";"María Ester Lennon";"Accion Comunal por San Antonio de Areco"
"2007";"104";"Miguel Angel Gargaglione";"Unión Cívica Radical"
"2007";"105";"Gerardo Osvaldo Amieiro";"Justicialista"
"2007";"106";"Gustavo Posse";"Frente Cívico Concertación Acción Vecinal San Isidro Es Distinto"
"2007";"53";"Joaquín De La Torre";"De la Victoria"
"2007";"107";"Marcelo Alberto Carignani";"Justicialista"
"2007";"108";"Mario Leandro Barbieri";"Frente Cívico Concertación Acción por San Pedro"
"2007";"109";"Antonio Daniel Di Sabatino";"De la Victoria"
"2007";"110";"Juan Antonio Delfino";"Justicialista"
"2007";"111";"Miguel Angel Lunghi";"Unión Cívica Radical"
"2007";"112";"Gustavo Rodolfo Cocconi";"Frente para la Victoria"
"2007";"113";"Sergio Tomás Massa";"Frente para la Victoria"
"2007";"116";"Héctor Aníbal Olivera";"Frente para la Victoria"
"2007";"114";"Gustavo Guillermo Trankels";"Justicialista"
"2007";"115";"Jorge Alberto Barracchia";"Frente para la Victoria"
"2007";"117";"Carlos Alberto Sanchez";"Movimiento Vecinal"
"2007";"118";"Hugo Omar Curto";"Frente para la Victoria"
"2007";"126";"Mario Luis Espada";"Primero Tres Lomas"
"2007";"121";"Mariano Horacio Grau";"Frente Coalición Cívica"
"2007";"122";"Enrique Garcia";"Frente Comunal Vecinal de Vicente López"
"2007";"123";"Jorge Luis Rodriguez Erneta";"Frente para la Victoria"
"2007";"124";"Raúl Roberto Mujica";"Integración y Movilidad Social"
"2007";"125";"Osvaldo Raúl Caffaro";"Nuevo Zarate"
"2010";"90";"Blas Antonio Altieri";"Movimiento Unión del Partido de Pinamar"
"2011";"115";"Raúl Feito";"Frente para la Victoria"
"2011";"114";"Gustavo Guillermo Trankels ";"Frente para la Victoria"
"2011";"113";"Sergio Tomás Massa ";"Frente para la Victoria"
"2011";"116";"Héctor Aníbal Olivera ";"Frente para la Victoria"
"2011";"112";"Gustavo Rodolfo Cocconi ";"Frente para la Victoria"
"2011";"111";"Miguel Angel Lunghi ";"Unión para el Desarrollo Social"
"2011";"109";"Antonio Daniel Di Sabatino ";"Frente para la Victoria"
"2011";"110";"Juan Antonio Delfino ";"Frente para la Victoria"
"2011";"108";"Pablo Guillermo Guacone";"Frente Social de la Provincia de Buenos Aires"
"2011";"107";"Ismael José Passaglia";"Frente Social de la Provincia de Buenos Aires"
"2011";"106";"Angel Gustavo Posse ";"Unión para el Desarrollo Social"
"2011";"53";"Joaquín De La Torre ";"Frente para la Victoria"
"2011";"105";"Luis Carlos Andreotti";"Fuerza Organizada Renovadora Democratica"
"2011";"103";"Francisco M. De Durañona y Vedia";"Frente para la Victoria"
"2011";"104";"Miguel Angel Gargaglione ";"Unión para el Desarrollo Social"
"2011";"102";"Luis Alberto Ghione ";"Frente para la Victoria"
"2011";"101";"Oscar René Brasca";"Frente para la Victoria"
"2011";"100";"Osvaldo Enrique Cattaneo ";"Unión para el Desarrollo Social"
"2011";"99";"Carlos Antonio Gorosito ";"Unión para el Desarrollo Social"
"2011";"98";"Alejandro Hugo Corvatta";"Frente para la Victoria"
"2011";"97";"Juan Carlos Gasparini";"Frente para la Victoria"
"2011";"96";"Martín Angel Caso";"Encuentro Por Rojas"
"2011";"95";"Sergio Omar Buil ";"Rivadavia Primero"
"2011";"94";"Jorge Mario Ramón Ugarte ";"Frente para la Victoria"
"2011";"93";"Walter Ariel Santalla ";"Unión para el Desarrollo Social"
"2011";"131";"Hernán César Y Zurieta";"Frente para la Victoria"
"2011";"92";"Francisco Virgilio Gutierrez ";"Frente para la Victoria"
"2011";"128";"Alfonso Aníbal Regueiro ";"Frente para la Victoria"
"2011";"91";"Facundo David CastellI";"Unión para el Desarrollo Social"
"2011";"90";"Blas Antonio Altieri ";"Movimiento Unión del Partido de Pinamar"
"2011";"89";"Humberto Edgardo Zuccaro ";"Frente para la Victoria"
"2011";"88";"Gustavo Alfredo Walker ";"Frente para la Victoria"
"2011";"87";"Héctor Gutiérrez ";"Unión para el Desarrollo Social"
"2011";"86";"Miguel Angel Pacheco ";"Unión para el Desarrollo Social"
"2011";"22";"Ricardo Néstor Curetti ";"Frente para la Victoria"
"2011";"85";"Pablo Javier Zurro ";"Frente para la Victoria"
"2011";"84";"José María Eseverri ";"Frente para la Victoria"
"2011";"83";"Walter Roberto Battistella ";"Unión para el Desarrollo Social"
"2011";"82";"Horacio Javier Tellechea";"Frente para la Victoria"
"2011";"80";"Lucas Hernán GhI";"Nuevo Encuentro"
"2011";"81";"Santiago Alejandro Maggiotti";"Frente para la Victoria"
"2011";"79";"Mariano Federico West";"Frente para la Victoria"
"2011";"78";"Raúl Alberto Basualdo";"Frente para la Victoria"
"2011";"120";"Marcos Luis Fernández";"Frente para la Victoria"
"2011";"77";"Raúl Alfredo Othacehe ";"Frente para la Victoria"
"2011";"76";"Carlos Américo Selva ";"Frente para la Victoria"
"2011";"74";"Jorge Alberto Paredi ";"Frente para la Victoria"
"2011";"75";"Ricardo Pedro Curutchet ";"Frente para la Victoria"
"2011";"130";"Jesús Cataldo Cariglino ";"Frente Popular"
"2011";"72";"Fernando Gabriel Carballo ";"Frente para la Victoria"
"2011";"73";"Aníbal Rapallini ";"Unión para el Desarrollo Social"
"2011";"71";"Oscar Ernesto Luciani";"Unión para el Desarrollo Social"
"2011";"69";"Gustavo Rubén Sobrero ";"Frente para la Victoria"
"2011";"70";"Martín Insaurralde";"Frente para la Victoria"
"2011";"68";"Hugo César Rodríguez ";"Frente para la Victoria"
"2011";"67";"Jorge Abel Fernández ";"Frente para la Victoria"
"2011";"135";"Carlos Marcelo Racciatti";"Frente para la Victoria"
"2011";"66";"Alberto Rubén Conocchiari ";"Frente para la Victoria"
"2011";"64";"Alfredo Rubén Fisher ";"Frente para la Victoria"
"2011";"65";"Alberto César Gelene ";"Frente para la Victoria"
"2011";"62";"Darío Hugo Díaz Pérez ";"Frente para la Victoria"
"2011";"63";"Oscar Pablo Bruera ";"Frente para la Victoria"
"2011";"119";"Juan Pablo De Jesús ";"Frente para la Victoria"
"2011";"61";"Tomás Fernando Espinoza ";"Frente para la Victoria"
"2011";"60";"Mario Andrés Meoni ";"Unión para el Desarrollo Social"
"2011";"59";"Julio César Marini";"Frente para la Victoria"
"2011";"129";"Carlos Norberto Urquiaga";"Frente para la Victoria"
"2011";"133";"Alberto Daniel Descalzo ";"Frente para la Victoria"
"2011";"134";"Luis Emilio Acuña ";"Frente para la Victoria"
"2011";"58";"Enrique Tkacik ";"Frente Amplio Progresista"
"2011";"57";"Néstor Fabián Alvarez";"Frente para la Victoria"
"2011";"55";"Gilberto Oscar Alegre ";"Frente para la Victoria"
"2011";"56";"José Alberto Martínez";"Unión Vecinal de González Chaves"
"2011";"54";"Juan Carlos Bartoletti ";"Frente para la Victoria"
"2011";"52";"Gabriel Nicolás Katopodis";"Frente Social de la Provincia de Buenos Aires"
"2011";"51";"Juan Pablo Anghileri";"Frente para la Victoria"
"2011";"50";"Gustavo Arnaldo Pulti ";"Acción Marplatense"
"2011";"49";"Alexis Raúl Guerrera ";"Frente para la Victoria"
"2011";"47";"Cristian Pedro Popovich";"Frente para la Victoria"
"2011";"48";"Juan Carlos Veramendi ";"Frente para la Victoria"
"2011";"46";"Marcela Fabiana Passo";"Frente para la Victoria"
"2011";"44";"Juan Carlos Pellitta ";"Frente para la Victoria"
"2011";"45";"Juan Carlos Calo ";"Frente para la Victoria"
"2011";"43";"Aníbal Eugenio Loubet ";"Unión para el Desarrollo Social"
"2011";"42";"Jorge Alejandro Eijo";"Frente para la Victoria"
"2011";"41";"José María Medina ";"Frente para la Victoria"
"2011";"40";"Luis A. Cellillo";"Unión para el Desarrollo Social"
"2011";"39";"Patricio Hogan ";"Frente para la Victoria"
"2011";"127";"Francisco Aurelio Iribarren";"Frente para la Victoria"
"2011";"38";"Julio César Pereyra ";"Frente para la Victoria"
"2011";"132";"Alejandro Santiago Granados ";"Frente para la Victoria"
"2011";"37";"Adrián Daniel Sánchez";"Frente para la Victoria"
"2011";"36";"Fernando Javier Gray ";"Frente para la Victoria"
"2011";"35";"Sandro Adrián Guzman ";"Frente para la Victoria"
"2011";"34";"Mario Carlos Secco ";"Frente para la Victoria"
"2011";"32";"Esteban Jorge Hernando";"Unión para el Desarrollo Social"
"2011";"33";"Luis María Camilo Etchevarren ";"Coalición Civica-Afirmación para una Republica Igualitaria"
"2011";"27";"Néstor Hugo Starc ";"Unión Vecinalista Rosaleña"
"2011";"28";"Ricardo Alejo Moccero ";"Movimiento para la Victoria"
"2011";"26";"Carlos Ulises Oreste";"Unión para el Desarrollo Social"
"2011";"25";"Fabián Andrés Zorzano";"Unión para el Desarrollo Social"
"2011";"24";"Ricardo Miguel Casi ";"Frente para la Victoria"
"2011";"31";"Aníbal José Pittelli";"Frente para la Victoria"
"2011";"30";"Juan Alberto Gobbi";"Unión para el Desarrollo Social"
"2011";"29";"Mauricio Gabriel Barrientos";"Frente para la Victoria"
"2011";"23";"Francisco José Echarren";"Frente para la Victoria"
"2011";"21";"Marcelo Alejandro Skansi ";"Nueva Alternativa Carmeña"
"2011";"20";"María Celia Gianini ";"Frente para la Victoria"
"2011";"19";"Walter Sergio Torchio";"Frente para la Victoria"
"2011";"18";"Oscar Darío Ostoich ";"Frente para la Victoria"
"2011";"17";"Gustavo Héctor Arrieta ";"Frente para la Victoria"
"2011";"16";"Stella Maris Giroldi ";"Frente para la Victoria"
"2011";"15";"Gastón Arnoldo Arias";"Frente para la Victoria"
"2011";"14";"Aldo Omar San Pedro ";"Frente para la Victoria"
"2011";"13";"Eduardo Luján Bucca";"Frente para la Victoria"
"2011";"12";"Enrique Alfredo Slezack";"Frente para la Victoria"
"2011";"11";"Juan Patricio Mussi ";"Frente para la Victoria"
"2011";"9";"Aldo Mario Carossi ";"Frente para la Victoria"
"2011";"8";"José Enrique Echeverría";"Frente para la Victoria"
"2011";"7";"Cristian Breitenstein ";"Frente para la Victoria"
"2011";"6";"José Manuel Inza";"Frente para la Victoria"
"2011";"5";"Pablo Antonio Zubiaurre";"Unión para el Desarrollo Social"
"2011";"4";"Jorge Horacio Ferraresi";"Frente para la Victoria"
"2011";"10";"Daniel Néstor Bolinaga ";"Frente para la Victoria"
"2011";"3";"Rubén Darío Giustozzi ";"Frente para la Victoria"
"2011";"2";"Marta Susana Medici";"Frente para la Victoria"
"2011";"1";"David Abel Hirtz";"Unión para el Desarrollo Social"
"2011";"117";"Carlos Alberto Sánchez ";"Movimiento Vecinal del Partido de Tres Arroyos"
"2011";"118";"Hugo Omar Curto ";"Frente para la Victoria"
"2011";"126";"Roberto Oscar Alvarez";"Frente para la Victoria"
"2011";"121";"María Victoria Borrego";"Coalición Civica-Afirmación para una Republica Igualitaria"
"2011";"122";"Jorge Macri";"Frente Popular"
"2011";"123";"Jorge Luis Rodríguez Erneta ";"Frente para la Victoria"
"2011";"124";"Patricia Anabela Cobello";"Frente para la Victoria"
"2011";"125";"Osvaldo Raúl Caffaro ";"Nuevo Zárate"
"2015";"1";"David Abel Hirtz";"Alianza Cambiemos Buenos Aires"
"2015";"2";"Lago German";"Alianza Frente para la Victoria"
"2015";"3";"Mariano Cascallares";"Alianza Frente para la Victoria"
"2015";"4";"Jorge Ferraresi";"Alianza Frente para la Victoria"
"2015";"5";"Pablo Antonio Zubiaurre";"Alianza Cambiemos Buenos Aires"
"2015";"6";"Hernan Bertellys";"Alianza Frente para la Victoria"
"2015";"7";"Héctor Norberto Gay";"Alianza Cambiemos Buenos Aires"
"2015";"8";"Esteban Andrés Reino";"Alianza Cambiemos Buenos Aires"
"2015";"9";"Fernanda Carolina Antonijevic";"Alianza Cambiemos Buenos Aires"
"2015";"10";"Javier Ignacio Olaeta";"Alianza Cambiemos Buenos Aires"
"2015";"11";"Juan Patricio Mussi";"Alianza Frente para la Victoria"
"2015";"12";"Jorge Gabriel Nedela";"Alianza Cambiemos Buenos Aires"
"2015";"13";"Eduardo Lujan Bucca";"Alianza Frente para la Victoria"
"2015";"14";"Héctor Vicente Gatica";"Alianza Cambiemos Buenos Aires"
"2015";"15";"Oscar Daniel Cappelletti";"Alianza Cambiemos Buenos Aires"
"2015";"16";"Sebastián Abella";"Alianza Cambiemos Buenos Aires"
"2015";"17";"Gustavo Arrieta";"Alianza Frente para la Victoria"
"2015";"18";"Oscar Dario Ostoich";"Alianza Frente para la Victoria"
"2015";"19";"Walter Torchio";"Alianza Frente para la Victoria"
"2015";"20";"Raúl Alejandro Sala";"Alianza Cambiemos Buenos Aires"
"2015";"21";"Marcelo Alejandro Skansi";"Nueva Alternativa Carmeña"
"2015";"22";"José Luis Zara";"Alianza Cambiemos Buenos Aires"
"2015";"23";"Francisco Jose Echarren";"Alianza Frente para la Victoria"
"2015";"24";"Ricardo Miguel Casi";"Alianza Frente para la Victoria"
"2015";"25";"Raúl Germán Reyes";"Alianza Cambiemos Buenos Aires"
"2015";"26";"Carlos Aníbal Berterret";"Compromiso Pringles"
"2015";"27";"Mariano Cecilio Uset";"Alianza Cambiemos Buenos Aires"
"2015";"28";"Roberto Carlos Palacio";"Alianza Cambiemos Buenos Aires"
"2015";"29";"Víctor Reinaldo Aiola";"Alianza Cambiemos Buenos Aires"
"2015";"30";"Javier Gaston";"Alianza Unidos por Una Nueva Alternativa"
"2015";"31";"Guillermo Alejandro Britos";"Alianza Unidos por Una Nueva Alternativa"
"2015";"32";"Alejandro Acerbo";"Alianza Frente para la Victoria"
"2015";"33";"Luis María Camilo Etchevarren";"Alianza Cambiemos Buenos Aires"
"2015";"34";"Mario Carlos Secco";"Alianza Frente para la Victoria"
"2015";"35";"Ariel Sujarchuk";"Alianza Frente para la Victoria"
"2015";"36";"Fernando Gray";"Alianza Frente para la Victoria"
"2015";"37";"Adrian Sanchez";"Alianza Frente para la Victoria"
"2015";"38";"Julio Pereyra";"Alianza Frente para la Victoria"
"2015";"39";"Germán Di Cesare";"Alianza Unidos por Una Nueva Alternativa"
"2015";"40";"Luis Alejandro Cellillo";"Alianza Cambiemos Buenos Aires"
"2015";"41";"Erica Silvana Revilla";"Alianza Cambiemos Buenos Aires"
"2015";"42";"Osvaldo Mario Dinapoli";"Alianza Cambiemos Buenos Aires"
"2015";"43";"Aníbal Eugenio Loubet";"Alianza Cambiemos Buenos Aires"
"2015";"44";"Martín Randazzo";"Alianza Cambiemos Buenos Aires"
"2015";"45";"Carlos Javier Osuna";"Alianza Unidos por Una Nueva Alternativa"
"2015";"46";"José Humberto Rodríguez Ponte";"Alianza Cambiemos Buenos Aires"
"2015";"47";"Carlos Esteban Santoro";"Alianza Cambiemos Buenos Aires"
"2015";"48";"Juan Carlos Veramendi";"Alianza Frente para la Victoria"
"2015";"49";"Alexis Guerrera";"Alianza Frente para la Victoria"
"2015";"50";"Carlos Fernando Arroyo";"Alianza Cambiemos Buenos Aires"
"2015";"51";"Darío Miguel Kubar";"Alianza Cambiemos Buenos Aires"
"2015";"52";"Gabriel Katopodis";"Alianza Frente para la Victoria"
"2015";"53";"Joaquín De La Torre";"Alianza Unidos por Una Nueva Alternativa"
"2015";"54";"Franco Ariel Flexas";"Alianza Cambiemos Buenos Aires"
"2015";"55";"Eduardo Lorenzo Campana";"Alianza Cambiemos Buenos Aires"
"2015";"56";"Eduardo Marcelo Santillan";"Alianza Frente para la Victoria"
"2015";"57";"Nestor Fabian Alvarez";"Alianza Frente para la Victoria"
"2015";"58";"Jorge Antonio Cortes";"Alianza Frente para la Victoria"
"2015";"59";"Julio Cesar Marini";"Alianza Frente para la Victoria"
"2015";"60";"Pablo Alexis Petrecca";"Alianza Cambiemos Buenos Aires"
"2015";"61";"Veronica Magario";"Alianza Frente para la Victoria"
"2015";"62";"Néstor Osvaldo Grindetti";"Alianza Cambiemos Buenos Aires"
"2015";"63";"Julio César Garro";"Alianza Cambiemos Buenos Aires"
"2015";"64";"Alfredo Rubén Fisher";"Alianza Frente para la Victoria"
"2015";"65";"Ramón Canosa";"Alianza Cambiemos Buenos Aires"
"2015";"66";"Alberto Ruben Conocchiari";"Alianza Frente para la Victoria"
"2015";"67";"Salvador Ignacio Serenal";"Alianza Cambiemos Buenos Aires"
"2015";"68";"Juan José Fioramonti";"Alianza Cambiemos Buenos Aires"
"2015";"69";"Jorge Oscar Etcheverry";"Alianza Cambiemos Buenos Aires"
"2015";"70";"Martin Insaurralde";"Alianza Frente para la Victoria"
"2015";"71";"Oscar Ernesto Luciani";"Alianza Cambiemos Buenos Aires"
"2015";"72";"Gonzalo Martín Peluso";"Alianza Cambiemos Buenos Aires"
"2015";"73";"Matías Rappallini";"Alianza Cambiemos Buenos Aires"
"2015";"74";"Carlos Alberto Ronda";"Alianza Cambiemos Buenos Aires"
"2015";"75";"Ricardo Pedro Curutchet";"Alianza Frente para la Victoria"
"2015";"76";"Juan Ignacio Ustarroz";"Alianza Frente para la Victoria"
"2015";"77";"Gustavo Menendez";"Alianza Frente para la Victoria"
"2015";"78";"Sandra Marcela Mayol";"Alianza Unidos por Una Nueva Alternativa"
"2015";"79";"Walter Festa";"Alianza Frente para la Victoria"
"2015";"80";"Ramiro César Tagliaferro";"Alianza Cambiemos Buenos Aires"
"2015";"81";"Santiago Alejandro Maggiotti";"Alianza Frente para la Victoria"
"2015";"82";"Facundo Manuel Lopez";"Alianza Unidos por Una Nueva Alternativa"
"2015";"83";"Mariano Edmundo Barroso";"Alianza Cambiemos Buenos Aires"
"2015";"84";"Ezequiel Galli";"Alianza Cambiemos Buenos Aires"
"2015";"85";"Pablo Javier Zurro";"Alianza Frente para la Victoria"
"2015";"86";"Guillermo Luis Pacheco";"Alianza Cambiemos Buenos Aires"
"2015";"87";"Javier Arturo Martinez";"Alianza Cambiemos Buenos Aires"
"2015";"88";"Gustavo Walker";"Alianza Frente para la Victoria"
"2015";"89";"Nicolás Ducote";"Alianza Cambiemos Buenos Aires"
"2015";"90";"Martín Iván Yeza";"Alianza Cambiemos Buenos Aires"
"2015";"91";"Facundo David Castelli";"Alianza Cambiemos Buenos Aires"
"2015";"92";"Martiniano Molina";"Alianza Cambiemos Buenos Aires"
"2015";"93";"Mauro David Poletti";"Alianza Frente para la Victoria"
"2015";"94";"Roberto Maximiliano Suescun";"Alianza Cambiemos Buenos Aires"
"2015";"95";"Javier Ulises Reynoso";"Alianza Cambiemos Buenos Aires"
"2015";"96";"Claudio Alberto Rossi";"Alianza Cambiemos Buenos Aires"
"2015";"97";"Juan Carlos Gasparini";"Alianza Frente para la Victoria"
"2015";"98";"Alejandro Hugo Corvatta";"Alianza Frente para la Victoria"
"2015";"99";"José Luis Salomon";"Alianza Cambiemos Buenos Aires"
"2015";"100";"Jorge Alberto Hernandez";"Alianza Cambiemos Buenos Aires"
"2015";"101";"Ricardo José Alessandro";"Alianza Frente para la Victoria"
"2015";"102";"Carlos Javier Puglelli";"Alianza Unidos por Una Nueva Alternativa"
"2015";"103";"Francisco Manuel Durañona";"Alianza Frente para la Victoria"
"2015";"104";"Miguel Angel Gargaglione";"Alianza Cambiemos Buenos Aires"
"2015";"105";"Luis Carlos Andreotti";"Alianza Unidos por Una Nueva Alternativa"
"2015";"106";"Gustavo Posse";"Alianza Cambiemos Buenos Aires"
"2015";"107";"Ismael Passaglia";"Alianza Frente para la Victoria"
"2015";"108";"Cecilio Salazar";"Alianza Cambiemos Buenos Aires"
"2015";"109";"Esteban Mauricio Gomez";"Alianza Cambiemos Buenos Aires"
"2015";"110";"Alejandro Federico";"Alianza Cambiemos Buenos Aires"
"2015";"111";"Miguel Angel Lunghi";"Alianza Cambiemos Buenos Aires"
"2015";"112";"Gustavo Cocconi";"Alianza Frente para la Victoria"
"2015";"113";"Julio César Zamora";"Alianza Unidos por Una Nueva Alternativa"
"2015";"114";"Sergio Fabián Bordoni";"Alianza Cambiemos Buenos Aires"
"2015";"115";"Miguel Angel Fernandez";"Alianza Cambiemos Buenos Aires"
"2015";"116";"Hector Olivera";"Alianza Frente para la Victoria"
"2015";"117";"Carlos Alberto Sanchez";"Movimiento Vecinal del Partido de Tres Arroyos"
"2015";"118";"Diego Valenzuela";"Alianza Cambiemos Buenos Aires"
"2015";"119";"Juan Pablo De Jesus";"Alianza Frente para la Victoria"
"2015";"120";"Marcos Luis Fernandez";"Alianza Frente para la Victoria"
"2015";"121";"Hernan Ralinqueo";"Alianza Frente para la Victoria"
"2015";"122";"Jorge Macri";"Alianza Cambiemos Buenos Aires"
"2015";"123";"Gustavo Barrera";"Alianza Frente para la Victoria"
"2015";"124";"Carlos José Ceferino Bevilacqua";"Accion por Villarino"
"2015";"125";"Osvaldo R. Caffaro";"Nuevo Zarate"
"2015";"126";"Roberto Oscar Alvarez";"Alianza Frente para la Victoria"
"2015";"127";"Calixto Agustín Tellechea";"Alianza Cambiemos Buenos Aires"
"2015";"128";"Alfonso Anibal Regueiro";"Alianza Frente para la Victoria"
"2015";"129";"Mario Alberto Ishii";"Alianza Frente para la Victoria"
"2015";"130";"Leonardo Javier Nardini";"Alianza Frente para la Victoria"
"2015";"131";"Hernan Izurieta";"Alianza Frente para la Victoria"
"2015";"132";"Alejandro Santiago Granados";"Alianza Frente para la Victoria"
"2015";"133";"Alberto Daniel Descalzo";"Alianza Frente para la Victoria"
"2015";"134";"Juan Zabaleta";"Alianza Frente para la Victoria"
"2015";"135";"Arnaldo Harispe";"Alianza Cambiemos Buenos Aires"
